# 第二周作业

------


## 作业1. 创建并导出 blogdb 数据库

在命令行模式下登录 MySQL 数据库，使用 SQL 语句完成如下要求：

**（1）创建留言数据库 blogdb**

```mysql
create database if not exists blogdb;

use blogdb;
```

**（2）在 blogdb 数据库中创建会员表 users 和博客文章表 blog，结构如下：**

![image](https://gitee.com/luhuadong/Python_Learning/raw/master/2nd_week/homework/images/2nd_week_homework_1.png)

　　创建 users 表：

```mysql
create table users(
    id    int         unsigned not null auto_increment PRIMARY KEY,
    name  varchar(32) not null unique,
    email varchar(100),
    cdate datetime
);
```
　　创建 blog 表：
```mysql
create table blog(
    id       int          unsigned not null auto_increment PRIMARY KEY,
    title    varchar(100) not null,
    abstract varchar(200) not null,
    content  text         not null,
    uid      int          unsigned,
    pcount   int          unsigned default 0,
    flag     tinyint      unsigned default 0,
    cdate    datetime
);
```

　　也许 blog.flag 字段还可以这样定义：

```
    flag     enum(0,1,2)  not null default 0,
```

　　创建好之后，我们来查看 users 表结构：

```
mysql> desc users;
+-------+------------------+------+-----+---------+----------------+
| Field | Type             | Null | Key | Default | Extra          |
+-------+------------------+------+-----+---------+----------------+
| id    | int(10) unsigned | NO   | PRI | NULL    | auto_increment |
| name  | varchar(32)      | NO   | UNI | NULL    |                |
| email | varchar(100)     | YES  |     | NULL    |                |
| cdate | datetime         | YES  |     | NULL    |                |
+-------+------------------+------+-----+---------+----------------+
4 rows in set (0.00 sec)

```

　　还有查看 blog 表结构：

```
mysql> desc blog;
+----------+---------------------+------+-----+---------+----------------+
| Field    | Type                | Null | Key | Default | Extra          |
+----------+---------------------+------+-----+---------+----------------+
| id       | int(10) unsigned    | NO   | PRI | NULL    | auto_increment |
| title    | varchar(100)        | NO   |     | NULL    |                |
| abstract | varchar(200)        | NO   |     | NULL    |                |
| content  | text                | NO   |     | NULL    |                |
| uid      | int(10) unsigned    | YES  |     | NULL    |                |
| pcount   | int(10) unsigned    | YES  |     | 0       |                |
| flag     | tinyint(3) unsigned | YES  |     | 0       |                |
| cdate    | datetime            | YES  |     | NULL    |                |
+----------+---------------------+------+-----+---------+----------------+
8 rows in set (0.00 sec)

```

**（3）在会员表 users 中添加 >=5 条的测试数据。**

　　这里 id 的数据类型是 int，而且是 unsigned 和 auto_increment 的，如果我们不指定 id，它就会从 1 开始算起。

　　我这里并不想让 id 从 1 开始自增，所以我在插入的第一条语句中指定 id 的值：

```
insert into users(id,name,email,cdate)
values(1001,'Allen','allen@csdn.net',curtime());
```
　　插入下一条记录时，则不必再指定 id 的值，让它自增就好了：
```
insert into users(name,email,cdate)
values('Bob','bob@csdn.net',curtime());
```

　　最后，users 表的数据如下：

```
mysql> select * from users;
+------+--------+-----------------+---------------------+
| id   | name   | email           | cdate               |
+------+--------+-----------------+---------------------+
| 1001 | Allen  | allen@csdn.net  | 2018-07-04 00:07:13 |
| 1002 | Bob    | bob@csdn.net    | 2018-07-03 00:00:00 |
| 1003 | Carrie | carrie@csdn.net | 2018-07-03 17:53:54 |
| 1004 | David  | david@csdn.net  | 2018-07-03 23:41:56 |
| 1005 | Elsa   | elsa@csdn.net   | 2018-07-04 00:03:16 |
| 1006 | Fifi   | fifi@csdn.net   | 2018-07-04 00:03:35 |
| 1007 | Gucci  | gucci@csdn.net  | 2018-07-04 00:05:01 |
| 1008 | Herry  | herry@csdn.net  | 2018-07-04 01:00:23 |
| 1009 | Irving | irving@csdn.net | 2018-07-04 01:00:59 |
| 1010 | James  | james@csdn.net  | 2018-07-04 01:01:30 |
| 1011 | Ken    | ken@csdn.net    | 2018-07-04 01:01:46 |
| 1012 | Lucky  | lucky@csdn.net  | 2018-07-04 01:02:16 |
| 1013 | Miruna | miruna@csdn.net | 2018-07-04 01:02:36 |
| 1014 | Nike   | nike@csdn.net   | 2018-07-04 01:03:22 |
+------+--------+-----------------+---------------------+
14 rows in set (0.00 sec)

```

**（4）在 blog 博文信息表中添加 >=10 条的测试数据。**

　　同样，在 blog 表添加第一条记录时指定 id 的值：

```
insert into blog(id,title,abstract,content,uid,cdate)
values(201807001,'A',"AA","aa...aa",1001,curtime());
```
　　因为 pcount 和 flag 有默认值，所以我没有指定它们的值，后续再修改。接着添加下一条记录，也不需要指定 id 的值：
```
insert into blog(title,abstract,content,uid,cdate)
values('B',"BB","bb...bb",1001,curtime());
```

　　此时 pcount 和 flag 的值都是 0，所以我使用 `update blog set pcount=10 where title='A';` 之类的操作进行调整。最后 blog 表的数据如下：

```
mysql> select * from blog;
+-----------+-------+----------+---------+------+--------+------+---------------------+
| id        | title | abstract | content | uid  | pcount | flag | cdate               |
+-----------+-------+----------+---------+------+--------+------+---------------------+
| 201807001 | A     | AA       | aa...aa | 1001 |     10 |    1 | 2018-07-04 11:56:17 |
| 201807002 | B     | BB       | bb...bb | 1001 |      8 |    1 | 2018-07-04 11:57:28 |
| 201807003 | C     | CC       | cc...cc | 1002 |      5 |    1 | 2018-07-04 11:58:01 |
| 201807004 | D     | DD       | dd...dd | 1004 |     12 |    1 | 2018-07-04 11:58:21 |
| 201807005 | E     | EE       | ee...ee | 1005 |      7 |    1 | 2018-07-04 11:58:39 |
| 201807006 | F     | FF       | ff...ff | 1005 |     10 |    1 | 2018-07-04 11:58:51 |
| 201807007 | G     | GG       | gg...gg | 1008 |      2 |    1 | 2018-07-04 11:59:16 |
| 201807008 | H     | HH       | hh...hh | 1008 |      0 |    0 | 2018-07-04 11:59:35 |
| 201807009 | I     | II       | ii...ii | 1007 |      3 |    1 | 2018-07-04 12:00:06 |
| 201807010 | J     | JJ       | jj...jj | 1005 |      6 |    1 | 2018-07-04 12:00:23 |
| 201807011 | K     | KK       | kk...kk | 1009 |      1 |    1 | 2018-07-04 12:00:46 |
| 201807012 | L     | LL       | ll...ll | 1014 |      8 |    1 | 2018-07-04 12:00:59 |
| 201807013 | M     | MM       | mm...mm | 1012 |      0 |    0 | 2018-07-04 12:01:17 |
| 201807014 | N     | NN       | nn...nn | 1002 |      4 |    1 | 2018-07-04 12:01:37 |
| 201807015 | O     | OO       | oo...oo | 1003 |      1 |    1 | 2018-07-04 12:02:00 |
| 201807016 | P     | PP       | pp...pp | 1008 |      0 |    0 | 2018-07-04 12:02:19 |
| 201807017 | Q     | QQ       | qq...qq | 1001 |      0 |    2 | 2018-07-04 12:02:44 |
+-----------+-------+----------+---------+------+--------+------+---------------------+
17 rows in set (0.00 sec)

```

**（5）最后将 blogdb 数据库中的信息导出，并以 blogdb.sql 文件存储待上交作业。**

　　最后，我们在终端下执行如下命令导出数据库文件：

```
mysqldump -u root -p blogdb > blogdb.sql
```

------

## 作业2. 操作 blogdb 中的数据表

**（1）在 users 表中查询注册时间最早的十条会员信息。**

　　命令：
```
select * from users ORDER BY cdate LIMIT 10;
```

　　结果：

```
+------+--------+-----------------+---------------------+
| id   | name   | email           | cdate               |
+------+--------+-----------------+---------------------+
| 1002 | Bob    | bob@csdn.net    | 2018-07-03 00:00:00 |
| 1003 | Carrie | carrie@csdn.net | 2018-07-03 17:53:54 |
| 1004 | David  | david@csdn.net  | 2018-07-03 23:41:56 |
| 1005 | Elsa   | elsa@csdn.net   | 2018-07-04 00:03:16 |
| 1006 | Fifi   | fifi@csdn.net   | 2018-07-04 00:03:35 |
| 1007 | Gucci  | gucci@csdn.net  | 2018-07-04 00:05:01 |
| 1001 | Allen  | allen@csdn.net  | 2018-07-04 00:07:13 |
| 1008 | Herry  | herry@csdn.net  | 2018-07-04 01:00:23 |
| 1009 | Irving | irving@csdn.net | 2018-07-04 01:00:59 |
| 1010 | James  | james@csdn.net  | 2018-07-04 01:01:30 |
+------+--------+-----------------+---------------------+
10 rows in set (0.00 sec)

```

**（2）从两个表中查询点赞数最高的5条博客信息，要求显示字段：(博文id, 标题, 点赞数, 会员名)**

　　命令：
```
SELECT blog.id as article_id, title, pcount, users.name as author
FROM blog, users
WHERE blog.uid=users.id
ORDER BY pcount DESC LIMIT 5;
```
　　结果：
```
+------------+-------+--------+--------+
| article_id | title | pcount | author |
+------------+-------+--------+--------+
|  201807004 | D     |     12 | David  |
|  201807006 | F     |     10 | Elsa   |
|  201807001 | A     |     10 | Allen  |
|  201807002 | B     |      8 | Allen  |
|  201807012 | L     |      8 | Nike   |
+------------+-------+--------+--------+
5 rows in set (0.00 sec)

```

**（3）统计每个会员的发表博文数量（降序），要求显示字段：(会员id号, 姓名, 博文数量)**

　　命令：
```
SELECT users.id, users.name, COUNT(blog.uid) as count
FROM blog, users
WHERE blog.uid=users.id AND blog.flag=1
GROUP BY users.id
ORDER BY count DESC, uid;
```
　　结果：
```
+------+--------+-------+
| id   | name   | count |
+------+--------+-------+
| 1005 | Elsa   |     3 |
| 1001 | Allen  |     2 |
| 1002 | Bob    |     2 |
| 1003 | Carrie |     1 |
| 1004 | David  |     1 |
| 1007 | Gucci  |     1 |
| 1008 | Herry  |     1 |
| 1009 | Irving |     1 |
| 1014 | Nike   |     1 |
+------+--------+-------+
9 rows in set (0.00 sec)

```


**（4）获取会员的博文平均点赞数量最高的三位。显示字段：(会员id, 姓名, 平均点赞数)**

　　命令：
```
SELECT users.id, users.name, AVG(blog.pcount) as avg_like
FROM blog, users
WHERE blog.uid=users.id
GROUP BY users.id
ORDER BY avg_like DESC, uid
LIMIT 3;
```
　　结果：
```
+------+-------+----------+
| id   | name  | avg_like |
+------+-------+----------+
| 1004 | David |  12.0000 |
| 1014 | Nike  |   8.0000 |
| 1005 | Elsa  |   7.6667 |
+------+-------+----------+
3 rows in set (0.00 sec)

```

**（5）删除没有发表博文的所有会员信息。**

　　在删除之前，我们先来看看 users 表中哪些会员在 blog 表中没有记录，也就是说没有编辑过博文（这里不管是否已发布或者删除）。

　　命令：
```
SELECT users.id, users.name
FROM users
WHERE users.id NOT IN (SELECT uid FROM blog);
```
　　结果：
```
+------+--------+
| id   | name   |
+------+--------+
| 1006 | Fifi   |
| 1010 | James  |
| 1011 | Ken    |
| 1013 | Miruna |
+------+--------+
4 rows in set (0.00 sec)
```

　　对比前面完整的 blog 表数据，确实是这几个哥们没有编辑过博文。那么，我们就按题目要求把他们删除吧（虽然不太人道）。

　　命令：
```
delete FROM users
WHERE users.id NOT IN (SELECT uid FROM blog);
```
　　结果：
```
Query OK, 4 rows affected (0.01 sec)
```

　　检查一下：

```
mysql> SELECT id, name FROM users;
+------+--------+
| id   | name   |
+------+--------+
| 1001 | Allen  |
| 1002 | Bob    |
| 1003 | Carrie |
| 1004 | David  |
| 1005 | Elsa   |
| 1007 | Gucci  |
| 1008 | Herry  |
| 1009 | Irving |
| 1012 | Lucky  |
| 1014 | Nike   |
+------+--------+
10 rows in set (0.00 sec)

```

　　可以看到，Fifi、James、Ken、Miruna 四个会员的信息确实被我们删除了。

　　如果想找回来，可以用作业1导出的 blogdb.sql 文件，重新导入到一个空的数据库。方法如下：

　　首先创建一个新的数据库 `create database newdb`，然后选择数据库 `use newdb`，设置数据库编码 `set names utf8`，最后导入数据 `source /home/root/blogdb.sql` 即可。

　　如果嫌麻烦，也可以简单粗暴地使用以下命令：
```
mysql -u root -p newdb < blogdb.sql
```

------


## 作业3. 实现基于 MySQL 的【学生信息管理系统】

**设计说明：**

　　在这里我创建了 stu_info_system 数据库，用于保存学生信息管理系统的数据。完整的数据库文件（stu_info_system.sql）已提交到码云。

```
create database stu_info_system;

use stu_info_system;
```

　　设计学生信息数据表的字段：

![image](https://gitee.com/luhuadong/Python_Learning/raw/master/2nd_week/homework/images/student_info.png)

　　创建 student_info 表：

```
create table student_info(
  sid       int         unsigned not null auto_increment PRIMARY KEY,
  name      varchar(32) not null,
  gender    enum('male','female','unknown') not null default 'unknown',  
  birthdate date        not null,
  class     varchar(32) not null
);
```

　　插入原始数据，一共3条记录：

```
insert into student_info  
values(201807001,'Allen','male','1999-10-01','Python06'),
(201807002,'Bonus','male','1999-12-25','Python07'),
(201807003,'Carrie','female','2000-10-14','Python07');

```

　　最后，stu_info_system 数据库中的 student_info 数据表的情况如下：

```
mysql> SELECT * FROM student_info;
+-----------+--------+--------+------------+----------+
| sid       | name   | gender | birthdate  | class    |
+-----------+--------+--------+------------+----------+
| 201807001 | Allen  | male   | 1999-10-01 | Python06 |
| 201807002 | Bonus  | male   | 1999-12-25 | Python07 |
| 201807003 | Carrie | female | 2000-10-14 | Python07 |
+-----------+--------+--------+------------+----------+
3 rows in set (0.00 sec)
```


**（1）编写stu表信息操作类：内有方法：构造方法实现数据库连接；析构方法关闭数据连接；**

　　要求类中包含以下方法：

 - findAll ( ) —— 查询方法
 - del（id）—— 删除方法
 - insert（data）—— 添加方法

　　于是，我设计了 Stu_ops 类，名字的含义是 Student Operations。在这个类里面，我定义了 `__db`、`__cursor`、`__table` 和 `__log` 属性，这些属性都是私有属性，因为我不想让实例直接修改它们。其中，`__db` 保存的是数据库连接的对象，`__cursor` 保存游标，`__table` 用于保存要操作的数据表的名称，所以在对数据表进行增删改查之前一定要调用 `setTable()` 方法设置即将要操作的数据表。

　　此外，我自作聪明地加了日志记录的功能，其中 `__log` 就是打开日志文件返回的文件 IO 对象。所有的操作都在类里面通过 `__record` 方法完成，默认的日志名称为 .student_mysql_xxx.log，后面的 xxx 是时间戳。也就是说，日志文件并不会自动覆盖，所以操作完之后需要手动删除日志文件。

　　我定义了 `query()` 方法来执行所有的 SQL 语句，并实现事务提交或回滚的功能，`findAll()`、`delete()` 和 `insert()` 方法用于组合 SQL 语句，然后调用 `query()` 完成对数据库的操作。

　　Stu_ops 类的骨架如下：

```
class Stu_ops:

    # 定义属性
    __table = ''

    # 定义方法
    # 构造方法
    def __init__(self, user, passwd, db, host='localhost', port=3306):
        pass

    # 析构方法
    def __del__(self):
        pass

    # 日志记录
    def __record(self, log, timestamp=True, newline=True):
        pass

    # 获取日志文件名
    def getLogName(self):
        pass

    # 设置数据表
    def setTable(self, table):
        pass

    # 执行SQL语句并提交事务
    def query(self, sql, log=True):
        pass

    # 查询方法
    def findAll(self):
        pass

    # 删除方法
    def delete(self, sid):
        pass

    # 添加方法
    def insert(self, data):
        pass

    # 测试用的
    def test(self):
        pass

```

**（2）使用使用上面自定义stu表操作类，结合1.10的综合案例，做出增，删，查询操作。**

　　注意：运行之前，请**务必**根据您的实际情况修改代码中的 Stu_ops 实例化参数！！！

```
def main():
    # 实例化
    stu = Stu_ops(user='root', passwd='******', db='stu_info_system')
    stu.setTable('student_info')
```

　　下面是一些操作界面，具体还请在您的环境中运行！

```
$ python3 student_mysql.py
============ 学员信息在线管理 ============
  1.查看学员信息      2.添加学员信息       
  3.删除学员信息      4.退出系统         
==========================================
请输入对应的选择：1

============== 学员信息浏览 ==============
+----------+----------+----------+-----+----------+
| ID       | Name     | Gender   | Age | Class    |
+----------+----------+----------+-----+----------+
| 201807001|     Allen|      male|   19|  Python06|
| 201807002|     Bonus|      male|   19|  Python07|
| 201807003|    Carrie|    female|   18|  Python07|
+----------+----------+----------+-----+----------+
(I) 查询成功
按回车键继续：

============ 学员信息在线管理 ============
  1.查看学员信息      2.添加学员信息       
  3.删除学员信息      4.退出系统         
==========================================
请输入对应的选择：4

================== 再见 ==================
您可以查看日志：.student_mysql_1530785008.log

```

　　日志记录内容：
```
$ cat .student_mysql_1530785008.log
== Log - Student Information Management System ==
 + Thu Jul  5 18:03:28 2018
 + 5.7.22-0ubuntu0.16.04.1
 + stu_info_system
 + root@localhost

[1530785010.627949] >>> findAll()
[1530785010.627964] SQL: "SELECT * FROM student_info"
[1530785010.628829] Query OK, 3 rows affected

```

------

## 作业4. 完成【飞机大战】游戏

（1）完成敌机发射子弹功能（注意：子弹不是连发、移动速度不要太快）

（2）实现敌机子弹和玩家飞机的碰撞检测

（3）为消失的飞机添加爆炸效果

　　[《飞机大战》的代码在 aircraft_war 目录](https://gitee.com/luhuadong/Python_Learning/tree/master/2nd_week/homework/aircraft_war)

　　项目特点及完成功能：

 - 增加 Settings 类用于保存游戏参数，方便后续扩展
 - 增加 Bullet 基类和 Plane 基类，增加代码复用
 - 实现英雄机的上下左右移动和子弹发射
 - 实现敌机的随机出现和敌机子弹的随机发射
 - 实现敌机与英雄机的碰撞检测、子弹与飞机的碰撞检测
 - 实现飞机被击中后的爆炸效果（通过 list 实现）
 - 实现游戏结束后背景画面仍在滚动的效果
 - 增加背景音乐

　　以下是一些游戏画面截图：

![image](https://gitee.com/luhuadong/Python_Learning/raw/master/2nd_week/homework/images/plane_play.png)

![image](https://gitee.com/luhuadong/Python_Learning/raw/master/2nd_week/homework/images/plane_bomb.png)

![image](https://gitee.com/luhuadong/Python_Learning/raw/master/2nd_week/homework/images/plane_over.png)

------


## 附加题. 连连看游戏

　　自己蛋疼地设计了个连连看游戏，消除算法真的很蛋疼。。。

　　完成设计之后，总结了该连连看游戏几个重点：

 - 生成成对的图片元素
 - 将图片元素打乱排布
 - 定义什么才算“相连”（两张图片的连线不多于3跟直线，或者说转角不超过2个）
 - 实现“相连”判断算法
 - 消除图片元素并判断是否消除完毕


　　[《连连看》的代码在 link_up 目录](https://gitee.com/luhuadong/Python_Learning/tree/master/2nd_week/homework/link_up)

　　游戏开始：

![image](https://gitee.com/luhuadong/Python_Learning/raw/master/2nd_week/homework/images/link_up_play.png)

　　点击图片，如果两张图片相同，并且能相连的就可以消除：

![image](https://gitee.com/luhuadong/Python_Learning/raw/master/2nd_week/homework/images/link_up_playing.png)

　　全部图片消除完毕就赢了：

![image](https://gitee.com/luhuadong/Python_Learning/raw/master/2nd_week/homework/images/link_up_win.png)
